[
  {
    "id": 1,
    "comuna": "Arica",
    "provincia": "Arica",
    "region": "Arica y Parinacota",
    "direccion": "Brasil #898 (esq. Av. Santa María)",
    "tipo": "BancoEstado Express",
    "horario": "Lunes a Jueves 09:00 a 17:00, Viernes 09:00 a 16:10"
  },
  {
    "id": 2,
    "comuna": "Arica",
    "provincia": "Arica",
    "region": "Arica y Parinacota",
    "direccion": "Paseo 21 de Mayo #228",
    "tipo": "Banco",
    "horario": "Lunes a Viernes 09:00 a 14:00"
  },
  {
    "id": 3,
    "comuna": "Iquique",
    "provincia": "Iquique",
    "region": "Tarapacá",
    "direccion": "San Martín #301",
    "tipo": "Banco",
    "horario": "Lunes a Viernes 09:00 a 14:00"
  },
  {
    "id": 4,
    "comuna": "Antofagasta",
    "provincia": "Antofagasta",
    "region": "Antofagasta",
    "direccion": "Capitán Arturo Prat #435, 2° Piso",
    "tipo": "BancoEstado Express",
    "horario": "Lunes a Jueves 09:00 a 17:00, Viernes 09:00 a 16:10"
  },
  {
    "id": 5,
    "comuna": "Calama",
    "provincia": "El Loa",
    "region": "Antofagasta",
    "direccion": "Sotomayor #1827",
    "tipo": "BancoEstado Express",
    "horario": "Lunes a Jueves 09:00 a 17:00, Viernes 09:00 a 16:10"
  },

  {
    "id": 6,
    "comuna": "Chañaral",
    "provincia": "Chañaral",
    "region": "Atacama",
    "direccion": "Buin #801",
    "tipo": "Banco",
    "horario": "Lunes a Viernes 09:00 a 14:00"
  },
  {
    "id": 7,
    "comuna": "Copiapó",
    "provincia": "Copiapó",
    "region": "Atacama",
    "direccion": "Chacabuco #563",
    "tipo": "BancoEstado Express",
    "horario": "Lunes a Jueves 09:00 a 17:00, Viernes 09:00 a 16:10"
  },
  {
    "id": 8,
    "comuna": "Copiapó",
    "provincia": "Copiapó",
    "region": "Atacama",
    "direccion": "O'Higgins #694, Piso 2",
    "tipo": "Banco",
    "horario": "Lunes a Viernes 09:00 a 14:00"
  },
  {
    "id": 9,
    "comuna": "Vallenar",
    "provincia": "Huasco",
    "region": "Atacama",
    "direccion": "Prat #1201",
    "tipo": "Banco",
    "horario": "Lunes a Viernes 09:00 a 14:00"
  },
  {
    "id": 10,
    "comuna": "Ovalle",
    "provincia": "Limarí",
    "region": "Coquimbo",
    "direccion": "Victoria #251",
    "tipo": "Banco",
    "horario": "Lunes a Viernes 09:00 a 14:00"
  },
  {
    "id": 11,
    "comuna": "Illapel",
    "provincia": "Choapa",
    "region": "Coquimbo",
    "direccion": "Av. San Ignacio #169",
    "tipo": "Banco",
    "horario": "Lunes a Viernes 09:00 a 14:00"
  },
  {
    "id": 12,
    "comuna": "La Serena",
    "provincia": "Elqui",
    "region": "Coquimbo",
    "direccion": "Balmaceda #3070, Local 5",
    "tipo": "BancoEstado Express",
    "horario": "Lunes a Jueves 09:00 a 17:00, Viernes 09:00 a 16:10"
  },
  {
    "id": 13,
    "comuna": "Coquimbo",
    "provincia": "Elqui",
    "region": "Coquimbo",
    "direccion": "Aldunate #1130",
    "tipo": "BancoEstado Express",
    "horario": "Lunes a Jueves 09:00 a 17:00, Viernes 09:00 a 16:10"
  },
  {
    "id": 14,
    "comuna": "Coquimbo",
    "provincia": "Elqui",
    "region": "Coquimbo",
    "direccion": "Melgarejo #1002",
    "tipo": "Banco",
    "horario": "Martes y Jueves 09:00 a 14:00"
  },
  {
    "id": 15,
    "comuna": "La Ligua",
    "provincia": "Petorca",
    "region": "Valparaíso",
    "direccion": "Ortiz de Rozas #588",
    "tipo": "Banco",
    "horario": "Lunes a Viernes 09:00 a 14:00"
  },
  {
    "id": 16,
    "comuna": "Quillota",
    "provincia": "Quillota",
    "region": "Valparaíso",
    "direccion": "O'Higgins #90",
    "tipo": "Banco",
    "horario": "Lunes a Viernes 09:00 a 14:00"
  },
  {
    "id": 17,
    "comuna": "Limache",
    "provincia": "Marga Marga",
    "region": "Valparaíso",
    "direccion": "Arturo Prat #224",
    "tipo": "Banco",
    "horario": "Lunes a Viernes 09:00 a 14:00"
  },
  {
    "id": 18,
    "comuna": "Villa Alemana",
    "provincia": "Marga Marga",
    "region": "Valparaíso",
    "direccion": "Av. Valparaíso #787",
    "tipo": "Banco",
    "horario": "Lunes a Viernes 09:00 a 14:00"
  },
  {
    "id": 19,
    "comuna": "San Felipe",
    "provincia": "San Felipe de Aconcagua",
    "region": "Valparaíso",
    "direccion": "Prat #100",
    "tipo": "Banco",
    "horario": "Lunes a Viernes 09:00 a 14:00"
  },
  {
    "id": 20,
    "comuna": "Los Andes",
    "provincia": "Los Andes",
    "region": "Valparaíso",
    "direccion": "O'Higgins #334",
    "tipo": "Banco",
    "horario": "Lunes a Viernes 09:00 a 14:00"
  },
  {
    "id": 21,
    "comuna": "San Antonio",
    "provincia": "San Antonio",
    "region": "Valparaíso",
    "direccion": "Av. Centenario #1",
    "tipo": "Banco",
    "horario": "Lunes a Viernes 09:00 a 14:00"
  },
  {
    "id": 22,
    "comuna": "Valparaíso",
    "provincia": "Valparaíso",
    "region": "Valparaíso",
    "direccion": "Prat #656",
    "tipo": "Banco",
    "horario": "Lunes a Viernes 09:00 a 14:00"
  },
  {
    "id": 23,
    "comuna": "Viña del Mar",
    "provincia": "Valparaíso",
    "region": "Valparaíso",
    "direccion": "Arlegui #409",
    "tipo": "Banco",
    "horario": "Lunes a Viernes 09:00 a 14:00"
  },
  {
    "id": 24,
    "comuna": "Rancagua",
    "provincia": "Cachapoal",
    "region": "O'Higgins",
    "direccion": "Av. Independencia #666",
    "tipo": "Banco",
    "horario": "Lunes a Viernes 09:00 a 14:00"
  },
  {
    "id": 25,
    "comuna": "San Fernando",
    "provincia": "Colchagua",
    "region": "O'Higgins",
    "direccion": "Av. Manuel Rodríguez #856",
    "tipo": "BancoEstado Express",
    "horario": "Lunes a Jueves 09:00 a 17:00, Viernes 09:00 a 16:10"
  },
  {
    "id": 26,
    "comuna": "Curicó",
    "provincia": "Curicó",
    "region": "Maule",
    "direccion": "Carmen #600",
    "tipo": "Banco",
    "horario": "Lunes a Viernes 09:00 a 14:00"
  },
  {
    "id": 27,
    "comuna": "Linares",
    "provincia": "Linares",
    "region": "Maule",
    "direccion": "Independencia #402",
    "tipo": "Banco",
    "horario": "Lunes a Viernes 09:00 a 14:00"
  },
  {
    "id": 28,
    "comuna": "Talca",
    "provincia": "Talca",
    "region": "Maule",
    "direccion": "2 Oriente #1130, 2° Piso",
    "tipo": "BancoEstado Express",
    "horario": "Lunes a Jueves 09:00 a 17:00, Viernes 09:00 a 16:10"
  },
  {
    "id": 29,
    "comuna": "Talca",
    "provincia": "Talca",
    "region": "Maule",
    "direccion": "1 Norte #1528",
    "tipo": "Banco",
    "horario": "Lunes a Viernes 09:00 a 14:00"
  },
  {
    "id": 30,
    "comuna": "Chillán",
    "provincia": "Diguillín",
    "region": "Ñuble",
    "direccion": "Maipón #833, 2° Piso",
    "tipo": "BancoEstado Express",
    "horario": "Lunes a Jueves 09:00 a 17:00, Viernes 09:00 a 16:10"
  },
   {
    "id": 31,
    "comuna": "Parral",
    "provincia": "Linares",
    "region": "Maule",
    "direccion": "Balmaceda #352",
    "tipo": "Banco",
    "horario": "Lunes a Viernes 09:00 a 14:00"
  },
  {
    "id": 32,
    "comuna": "San Carlos",
    "provincia": "Punilla",
    "region": "Ñuble",
    "direccion": "Independencia #681",
    "tipo": "Banco",
    "horario": "Lunes a Viernes 09:00 a 14:00"
  },
  {
    "id": 33,
    "comuna": "Los Ángeles",
    "provincia": "Biobío",
    "region": "Biobío",
    "direccion": "Colón #140",
    "tipo": "Banco",
    "horario": "Lunes a Viernes 09:00 a 14:00"
  },
  {
    "id": 35,
    "comuna": "Concepción",
    "provincia": "Concepción",
    "region": "Biobío",
    "direccion": "Av. Bernardo O'Higgins #486",
    "tipo": "Banco",
    "horario": "Lunes a Viernes 09:00 a 14:00"
  },
  {
    "id": 36,
    "comuna": "Lota",
    "provincia": "Concepción",
    "region": "Biobío",
    "direccion": "Pedro Aguirre Cerda #398, Lota Bajo",
    "tipo": "Banco",
    "horario": "Lunes a Viernes 09:00 a 14:00"
  },
  {
    "id": 37,
    "comuna": "Talcahuano",
    "provincia": "Concepción",
    "region": "Biobío",
    "direccion": "Colón #602",
    "tipo": "Banco",
    "horario": "Lunes a Viernes 09:00 a 14:00"
  },
  {
    "id": 38,
    "comuna": "Cañete",
    "provincia": "Arauco",
    "region": "Biobío",
    "direccion": "Condell #209",
    "tipo": "Banco",
    "horario": "Lunes a Viernes 09:00 a 14:00"
  },
  {
    "id": 34,
    "comuna": "Angol",
    "provincia": "Malleco",
    "region": "La Araucanía",
    "direccion": "Chorrillos #390",
    "tipo": "Banco",
    "horario": "Lunes a Viernes 09:00 a 14:00"
  },
  {
    "id": 39,
    "comuna": "Victoria",
    "provincia": "Malleco",
    "region": "La Araucanía",
    "direccion": "Confederación Suiza #1200",
    "tipo": "Banco",
    "horario": "Lunes a Viernes 09:00 a 14:00"
  },
  {
    "id": 40,
    "comuna": "Temuco",
    "provincia": "Cautín",
    "region": "La Araucanía",
    "direccion": "Portales #806, Piso 2",
    "tipo": "Sede BECO",
    "horario": "Lunes a Jueves 09:00 a 17:00, Viernes 09:00 a 16:10"
  },
  {
    "id": 41,
    "comuna": "Villarrica",
    "provincia": "Cautín",
    "region": "La Araucanía",
    "direccion": "Pedro de Valdivia #957",
    "tipo": "Banco",
    "horario": "Lunes a Viernes 09:00 a 14:00"
  },
  {
    "id": 42,
    "comuna": "Osorno",
    "provincia": "Osorno",
    "region": "Los Lagos",
    "direccion": "Bulnes #644",
    "tipo": "Banco",
    "horario": "Lunes a Viernes 09:00 a 14:00"
  },
  {
    "id": 43,
    "comuna": "Valdivia",
    "provincia": "Valdivia",
    "region": "Los Ríos",
    "direccion": "Arauco #371, Interior",
    "tipo": "BancoEstado Express",
    "horario": "Lunes a Jueves 09:00 a 17:00, Viernes 09:00 a 16:10"
  },
  {
    "id": 44,
    "comuna": "Ancud",
    "provincia": "Chiloé",
    "region": "Los Lagos",
    "direccion": "Eleuterio Ramírez #229",
    "tipo": "Banco",
    "horario": "Lunes a Viernes 09:00 a 14:00"
  },
  {
    "id": 45,
    "comuna": "Castro",
    "provincia": "Chiloé",
    "region": "Los Lagos",
    "direccion": "San Martín #397",
    "tipo": "Banco",
    "horario": "Lunes a Viernes 09:00 a 14:00"
  },
  {
    "id": 46,
    "comuna": "Puerto Montt",
    "provincia": "Llanquihue",
    "region": "Los Lagos",
    "direccion": "Urmeneta #444",
    "tipo": "Banco",
    "horario": "Lunes a Viernes 09:00 a 14:00"
  },
  {
    "id": 47,
    "comuna": "Puerto Varas",
    "provincia": "Llanquihue",
    "region": "Los Lagos",
    "direccion": "Santa Rosa #414, Piso 2",
    "tipo": "Banco",
    "horario": "Lunes a Viernes 09:00 a 14:00"
  },
  {
    "id": 48,
    "comuna": "Coyhaique",
    "provincia": "Coyhaique",
    "region": "Aysén",
    "direccion": "Moraleda #502",
    "tipo": "Banco",
    "horario": "Lunes a Viernes 09:00 a 14:00"
  },
  {
    "id": 49,
    "comuna": "Punta Arenas",
    "provincia": "Magallanes",
    "region": "Magallanes y la Antártica Chilena",
    "direccion": "Plaza Muñoz Gamero #799",
    "tipo": "Banco",
    "horario": "Lunes a Viernes 09:00 a 14:00"
  },
  {
    "id": 50,
    "comuna": "Maipú",
    "provincia": "Santiago",
    "region": "Región Metropolitana",
    "direccion": "Pajaritos #1691",
    "tipo": "Banco",
    "horario": "Lunes a Viernes 09:00 a 14:00"
  },
  {
    "id": 51,
    "comuna": "Melipilla",
    "provincia": "Melipilla",
    "region": "Región Metropolitana",
    "direccion": "Plaza de Armas #583",
    "tipo": "Banco",
    "horario": "Lunes a Viernes 09:00 a 14:00"
  },
  {
    "id": 52,
    "comuna": "Talagante",
    "provincia": "Talagante",
    "region": "Región Metropolitana",
    "direccion": "José Leyán #853",
    "tipo": "Banco",
    "horario": "Lunes a Viernes 09:00 a 14:00"
  },
  {
    "id": 53,
    "comuna": "Santiago",
    "provincia": "Santiago",
    "region": "Región Metropolitana",
    "direccion": "Av. Matta #950",
    "tipo": "Banco",
    "horario": "Lunes a Viernes 09:00 a 14:00"
  },
  {
    "id": 54,
    "comuna": "Santiago",
    "provincia": "Santiago",
    "region": "Región Metropolitana",
    "direccion": "San Diego #85",
    "tipo": "Sede BECO",
    "horario": "Lunes a Jueves 09:00 a 17:00, Viernes 09:00 a 16:10"
  },
  {
    "id": 55,
    "comuna": "Ñuñoa",
    "provincia": "Santiago",
    "region": "Región Metropolitana",
    "direccion": "Av. Irarrázaval #2621",
    "tipo": "Banco",
    "horario": "Lunes a Viernes 09:00 a 14:00"
  },
  {
    "id": 56,
    "comuna": "La Florida",
    "provincia": "Santiago",
    "region": "Región Metropolitana",
    "direccion": "Vicuña Mackenna Poniente #7357",
    "tipo": "Banco",
    "horario": "Lunes a Viernes 09:00 a 14:00"
  },
  {
    "id": 57,
    "comuna": "La Florida",
    "provincia": "Santiago",
    "region": "Región Metropolitana",
    "direccion": "Vicente Valdés #85, Local 7 y 8",
    "tipo": "Banco",
    "horario": "Lunes a Viernes 09:00 a 14:00"
  },
  {
    "id": 58,
    "comuna": "Santiago",
    "provincia": "Santiago",
    "region": "Región Metropolitana",
    "direccion": "Bandera #861",
    "tipo": "Banco",
    "horario": "Lunes a Viernes 09:00 a 14:00"
  },
  {
    "id": 59,
    "comuna": "Recoleta",
    "provincia": "Santiago",
    "region": "Región Metropolitana",
    "direccion": "Av. Recoleta #51",
    "tipo": "Banco",
    "horario": "Lunes a Viernes 09:00 a 14:00"
  },
  {
    "id": 60,
    "comuna": "Puente Alto",
    "provincia": "Cordillera",
    "region": "Región Metropolitana",
    "direccion": "Av. Concha y Toro #96",
    "tipo": "Banco",
    "horario": "Lunes a Viernes 09:00 a 14:00"
  },
  {
    "id": 61,
    "comuna": "San Miguel",
    "provincia": "Santiago",
    "region": "Región Metropolitana",
    "direccion": "Gran Av. José Miguel Carrera #5110, Piso 3",
    "tipo": "Banco",
    "horario": "Lunes a Viernes 09:00 a 14:00"
  },
  {
    "id": 62,
    "comuna": "San Bernardo",
    "provincia": "Maipo",
    "region": "Región Metropolitana",
    "direccion": "Arturo Prat #609",
    "tipo": "Banco",
    "horario": "Lunes a Viernes 09:00 a 14:00"
  },
  {
    "id": 63,
    "comuna": "El Bosque",
    "provincia": "Santiago",
    "region": "Región Metropolitana",
    "direccion": "Av. José Miguel Carrera #9632",
    "tipo": "Banco",
    "horario": "Lunes a Viernes 09:00 a 14:00"
  },
  {
    "id": 64,
    "comuna": "Providencia",
    "provincia": "Santiago",
    "region": "Región Metropolitana",
    "direccion": "Av. Providencia #1710",
    "tipo": "Banco",
    "horario": "Lunes a Viernes 09:00 a 14:00"
  },
  {
    "id": 65,
    "comuna": "Peñalolén",
    "provincia": "Santiago",
    "region": "Región Metropolitana",
    "direccion": "Av. Grecia #7460",
    "tipo": "Banco",
    "horario": "Lunes a Viernes 09:00 a 14:00"
  },
  {
    "id": 66,
    "comuna": "Providencia",
    "provincia": "Santiago",
    "region": "Región Metropolitana",
    "direccion": "Av. Providencia #2690",
    "tipo": "Banco",
    "horario": "Lunes a Viernes 09:00 a 14:00"
  },
  {
    "id": 67,
    "comuna": "Quilicura",
    "provincia": "Santiago",
    "region": "Región Metropolitana",
    "direccion": "Av. O'Higgins #119",
    "tipo": "Banco",
    "horario": "Lunes a Viernes 09:00 a 14:00"
  },
  {
    "id": 68,
    "comuna": "Santiago",
    "provincia": "Santiago",
    "region": "Región Metropolitana",
    "direccion": "Santo Domingo #1566",
    "tipo": "Banco",
    "horario": "Lunes a Viernes 09:00 a 14:00"
  }
]

